Salutation,First Name,Last Name,Account Name,Title,Department,Email,Phone,Mobile,Mailing Street,Mailing City,Mailing State,Mailing Postal Code,Mailing Country,Lead Source,Contact Owner Email,Description
Mr.,Ana,Haddad,Northwind Traders,CEO,Executive,ana.haddad@northwindtraders.example.com,+1-555-0200,+1-555-0300,12 Harbour Way,Austin,TX,78701,USA,Web,,Primary contact at Northwind Traders.
Ms.,Ben,Ibarra,Contoso Manufacturing,VP Sales,Sales,ben.ibarra@contosomanufacturing.example.com,+1-555-0201,+1-555-0301,480 Sequoia Ave,Portland,OR,97205,USA,Referral,,Primary contact at Contoso Manufacturing.
Dr.,Chen,Jensen,Fabrikam Logistics,Head of Marketing,Marketing,chen.jensen@fabrikamlogistics.example.com,+1-555-0202,+1-555-0302,77 Kingsway,Boston,MA,02110,USA,Trade Show,,Primary contact at Fabrikam Logistics.
Mrs.,Dara,Kaur,Adventure Works,CTO,Engineering,dara.kaur@adventureworks.example.com,+1-555-0203,+1-555-0303,1200 Market St,Denver,CO,80202,USA,Webinar,,Primary contact at Adventure Works.
Prof.,Eli,Lindqvist,Litware Software,Procurement Manager,Support,eli.lindqvist@litwaresoftware.example.com,+1-555-0204,+1-555-0304,9 Riverside Terrace,Toronto,ON,M5H 2N2,Canada,Partner,,Primary contact at Litware Software.
Mr.,Farah,Moreau,Proseware Health,Operations Director,Finance,farah.moreau@prosewarehealth.example.com,+1-555-0205,+1-555-0305,350 Alder Road,Manchester,Greater Manchester,M1 2AB,United Kingdom,LinkedIn,,Primary contact at Proseware Health.
Ms.,Gus,Nakamura,Tailspin Toys,Finance Manager,HR,gus.nakamura@tailspintoys.example.com,+1-555-0206,+1-555-0306,65 Mill Lane,Munich,Bavaria,80331,Germany,Google Ads,,Primary contact at Tailspin Toys.
Dr.,Hana,Okafor,Wide World Importers,IT Director,Operations,hana.okafor@wideworldimporters.example.com,+1-555-0207,+1-555-0307,18 Copper Court,Lyon,Auvergne-Rhône-Alpes,69002,France,Cold Call,,Primary contact at Wide World Importers.
Mrs.,Ivan,Petrov,Woodgrove Bank,Support Lead,Executive,ivan.petrov@woodgrovebank.example.com,+1-555-0208,+1-555-0308,2100 Cedar Blvd,Singapore,Central,049315,Singapore,Newsletter,,Primary contact at Woodgrove Bank.
Prof.,Jo,Quintero,Alpine Ski House,Founder,Sales,jo.quintero@alpineskihouse.example.com,+1-555-0209,+1-555-0309,41 Beacon Hill,Sydney,NSW,2000,Australia,Blog,,Primary contact at Alpine Ski House.
Mr.,Kai,Rossi,Blue Yonder Airlines,CEO,Marketing,kai.rossi@blueyonderairlines.example.com,+1-555-0210,+1-555-0310,12 Harbour Way,Austin,TX,78701,USA,Website,,Primary contact at Blue Yonder Airlines.
Ms.,Lena,Silva,Coho Vineyard,VP Sales,Engineering,lena.silva@cohovineyard.example.com,+1-555-0211,+1-555-0311,480 Sequoia Ave,Portland,OR,97205,USA,Conference,,Primary contact at Coho Vineyard.
Dr.,Mira,Takahashi,Lucerne Publishing,Head of Marketing,Support,mira.takahashi@lucernepublishing.example.com,+1-555-0212,+1-555-0312,77 Kingsway,Boston,MA,02110,USA,Web,,Primary contact at Lucerne Publishing.
Mrs.,Noel,Ueda,Trey Research,CTO,Finance,noel.ueda@treyresearch.example.com,+1-555-0213,+1-555-0313,1200 Market St,Denver,CO,80202,USA,Referral,,Primary contact at Trey Research.
Prof.,Omar,Vargas,VanArsdel Design,Procurement Manager,HR,omar.vargas@vanarsdeldesign.example.com,+1-555-0214,+1-555-0314,9 Riverside Terrace,Toronto,ON,M5H 2N2,Canada,Trade Show,,Primary contact at VanArsdel Design.
Mr.,Pia,Weber,Relecloud Systems,Operations Director,Operations,pia.weber@relecloudsystems.example.com,+1-555-0215,+1-555-0315,350 Alder Road,Manchester,Greater Manchester,M1 2AB,United Kingdom,Webinar,,Primary contact at Relecloud Systems.
Ms.,Quinn,Xu,Bellows College,Finance Manager,Executive,quinn.xu@bellowscollege.example.com,+1-555-0216,+1-555-0316,65 Mill Lane,Munich,Bavaria,80331,Germany,Partner,,Primary contact at Bellows College.
Dr.,Rosa,Yilmaz,Munson Pickles,IT Director,Sales,rosa.yilmaz@munsonpickles.example.com,+1-555-0217,+1-555-0317,18 Copper Court,Lyon,Auvergne-Rhône-Alpes,69002,France,LinkedIn,,Primary contact at Munson Pickles.
Mrs.,Sam,Zhang,First Up Consultants,Support Lead,Marketing,sam.zhang@firstupconsultants.example.com,+1-555-0218,+1-555-0318,2100 Cedar Blvd,Singapore,Central,049315,Singapore,Google Ads,,Primary contact at First Up Consultants.
Prof.,Tara,Abadi,Fourth Coffee,Founder,Engineering,tara.abadi@fourthcoffee.example.com,+1-555-0219,+1-555-0319,41 Beacon Hill,Sydney,NSW,2000,Australia,Cold Call,,Primary contact at Fourth Coffee.
Mr.,Umar,Bianchi,Graphic Design Institute,CEO,Support,umar.bianchi@graphicdesigninstitute.example.com,+1-555-0220,+1-555-0320,12 Harbour Way,Austin,TX,78701,USA,Newsletter,,Primary contact at Graphic Design Institute.
Ms.,Vera,Costa,Humongous Insurance,VP Sales,Finance,vera.costa@humongousinsurance.example.com,+1-555-0221,+1-555-0321,480 Sequoia Ave,Portland,OR,97205,USA,Blog,,Primary contact at Humongous Insurance.
Dr.,Wes,Duarte,Margie Travel,Head of Marketing,HR,wes.duarte@margietravel.example.com,+1-555-0222,+1-555-0322,77 Kingsway,Boston,MA,02110,USA,Website,,Primary contact at Margie Travel.
Mrs.,Xena,Eriksen,Nod Publishers,CTO,Operations,xena.eriksen@nodpublishers.example.com,+1-555-0223,+1-555-0323,1200 Market St,Denver,CO,80202,USA,Conference,,Primary contact at Nod Publishers.
Prof.,Yuri,Fischer,Southridge Video,Procurement Manager,Executive,yuri.fischer@southridgevideo.example.com,+1-555-0224,+1-555-0324,9 Riverside Terrace,Toronto,ON,M5H 2N2,Canada,Web,,Primary contact at Southridge Video.
Mr.,Zoe,Grant,The Phone Company,Operations Director,Sales,zoe.grant@thephonecompany.example.com,+1-555-0225,+1-555-0325,350 Alder Road,Manchester,Greater Manchester,M1 2AB,United Kingdom,Referral,,Primary contact at The Phone Company.
Ms.,Alma,Horvath,City Power & Light,Finance Manager,Marketing,alma.horvath@citypowerlight.example.com,+1-555-0226,+1-555-0326,65 Mill Lane,Munich,Bavaria,80331,Germany,Trade Show,,Primary contact at City Power & Light.
Dr.,Bruno,Ivanov,Consolidated Messenger,IT Director,Engineering,bruno.ivanov@consolidatedmessenger.example.com,+1-555-0227,+1-555-0327,18 Copper Court,Lyon,Auvergne-Rhône-Alpes,69002,France,Webinar,,Primary contact at Consolidated Messenger.
Mrs.,Cleo,Jonsson,Fincher Architects,Support Lead,Support,cleo.jonsson@fincherarchitects.example.com,+1-555-0228,+1-555-0328,2100 Cedar Blvd,Singapore,Central,049315,Singapore,Partner,,Primary contact at Fincher Architects.
Prof.,Dev,Klein,Lamna Healthcare,Founder,Finance,dev.klein@lamnahealthcare.example.com,+1-555-0229,+1-555-0329,41 Beacon Hill,Sydney,NSW,2000,Australia,LinkedIn,,Primary contact at Lamna Healthcare.
Mr.,Elsa,Larsen,Liberty Delightful Sinful Bakery,CEO,HR,elsa.larsen@libertydelightfulsinfulb.example.com,+1-555-0230,+1-555-0330,12 Harbour Way,Austin,TX,78701,USA,Google Ads,,Primary contact at Liberty Delightful Sinful Bakery.
Ms.,Finn,Mensah,Best For You Organics,VP Sales,Operations,finn.mensah@bestforyouorganics.example.com,+1-555-0231,+1-555-0331,480 Sequoia Ave,Portland,OR,97205,USA,Cold Call,,Primary contact at Best For You Organics.
Dr.,Gia,Novak,Wingtip Toys,Head of Marketing,Executive,gia.novak@wingtiptoys.example.com,+1-555-0232,+1-555-0332,77 Kingsway,Boston,MA,02110,USA,Newsletter,,Primary contact at Wingtip Toys.
Mrs.,Hugo,Ortiz,Contoso Energy,CTO,Sales,hugo.ortiz@contosoenergy.example.com,+1-555-0233,+1-555-0333,1200 Market St,Denver,CO,80202,USA,Blog,,Primary contact at Contoso Energy.
Prof.,Iris,Pires,Datum Analytics,Procurement Manager,Marketing,iris.pires@datumanalytics.example.com,+1-555-0234,+1-555-0334,9 Riverside Terrace,Toronto,ON,M5H 2N2,Canada,Website,,Primary contact at Datum Analytics.
Mr.,Jonas,Rahman,Fabrikam Residences,Operations Director,Engineering,jonas.rahman@fabrikamresidences.example.com,+1-555-0235,+1-555-0335,350 Alder Road,Manchester,Greater Manchester,M1 2AB,United Kingdom,Conference,,Primary contact at Fabrikam Residences.
Ms.,Kira,Sorensen,Nordwind Capital,Finance Manager,Support,kira.sorensen@nordwindcapital.example.com,+1-555-0236,+1-555-0336,65 Mill Lane,Munich,Bavaria,80331,Germany,Web,,Primary contact at Nordwind Capital.
Dr.,Liam,Thorne,Tailwind Traders,IT Director,Finance,liam.thorne@tailwindtraders.example.com,+1-555-0237,+1-555-0337,18 Copper Court,Lyon,Auvergne-Rhône-Alpes,69002,France,Referral,,Primary contact at Tailwind Traders.
Mrs.,Maya,Ulrich,Bellows Robotics,Support Lead,HR,maya.ulrich@bellowsrobotics.example.com,+1-555-0238,+1-555-0338,2100 Cedar Blvd,Singapore,Central,049315,Singapore,Trade Show,,Primary contact at Bellows Robotics.
Prof.,Nils,Voss,Cronus Pharma,Founder,Operations,nils.voss@cronuspharma.example.com,+1-555-0239,+1-555-0339,41 Beacon Hill,Sydney,NSW,2000,Australia,Webinar,,Primary contact at Cronus Pharma.
Mr.,Olive,Walsh,Halo Public Works,CEO,Executive,olive.walsh@halopublicworks.example.com,+1-555-0240,+1-555-0340,12 Harbour Way,Austin,TX,78701,USA,Partner,,Primary contact at Halo Public Works.
Ms.,Paolo,Yoon,Helping Hands Foundation,VP Sales,Sales,paolo.yoon@helpinghandsfoundation.example.com,+1-555-0241,+1-555-0341,480 Sequoia Ave,Portland,OR,97205,USA,LinkedIn,,Primary contact at Helping Hands Foundation.
Dr.,Rhea,Zielinski,Iride Motors,Head of Marketing,Marketing,rhea.zielinski@iridemotors.example.com,+1-555-0242,+1-555-0342,77 Kingsway,Boston,MA,02110,USA,Google Ads,,Primary contact at Iride Motors.
Mrs.,Soren,Alvarez,Kiana Freight,CTO,Engineering,soren.alvarez@kianafreight.example.com,+1-555-0243,+1-555-0343,1200 Market St,Denver,CO,80202,USA,Cold Call,,Primary contact at Kiana Freight.
Prof.,Tessa,Baker,Lakeview Medical,Procurement Manager,Support,tessa.baker@lakeviewmedical.example.com,+1-555-0244,+1-555-0344,9 Riverside Terrace,Toronto,ON,M5H 2N2,Canada,Newsletter,,Primary contact at Lakeview Medical.
Mr.,Uma,Chen,Meridian Legal,Operations Director,Finance,uma.chen@meridianlegal.example.com,+1-555-0245,+1-555-0345,350 Alder Road,Manchester,Greater Manchester,M1 2AB,United Kingdom,Blog,,Primary contact at Meridian Legal.
Ms.,Viktor,Delgado,Orion Semiconductor,Finance Manager,HR,viktor.delgado@orionsemiconductor.example.com,+1-555-0246,+1-555-0346,65 Mill Lane,Munich,Bavaria,80331,Germany,Website,,Primary contact at Orion Semiconductor.
Dr.,Wren,Egan,Pinewood Estates,IT Director,Operations,wren.egan@pinewoodestates.example.com,+1-555-0247,+1-555-0347,18 Copper Court,Lyon,Auvergne-Rhône-Alpes,69002,France,Conference,,Primary contact at Pinewood Estates.
Mrs.,Yasmin,Ferrara,Quill Stationery,Support Lead,Executive,yasmin.ferrara@quillstationery.example.com,+1-555-0248,+1-555-0348,2100 Cedar Blvd,Singapore,Central,049315,Singapore,Web,,Primary contact at Quill Stationery.
Prof.,Zane,Gomez,Redwood Renewables,Founder,Sales,zane.gomez@redwoodrenewables.example.com,+1-555-0249,+1-555-0349,41 Beacon Hill,Sydney,NSW,2000,Australia,Referral,,Primary contact at Redwood Renewables.
